Sample_title,Sample_geo_accession,Sample_source_name_ch1,Sample_organism_ch1,host strain,host gender,host age (yr),pathogen,bacterial strain,pathogen   dosage cfu/g,inoculum route,anatomic site of infection,infection status,time after infection (h),replicate number,experimental batch
blood 129S1/SvImJ 0hrs rep1 batch 2 batch 2 1545_4182_21995_129-cont-1set,GSM824455,blood 129S1/SvImJ mouse strain NOT infected,Mus musculus,129S1/SvImJ,male,0.50-0.66,-,-,-,-,-,-,0,1,2
blood 129S1/SvImJ 0hrs rep2 batch 2 batch 2 1545_4182_22009_129-cont-2set,GSM824456,blood 129S1/SvImJ mouse strain NOT infected,Mus musculus,129S1/SvImJ,male,0.50-0.66,-,-,-,-,-,-,0,2,2
blood 129S1/SvImJ 0hrs rep3 batch 2 batch 2 1545_4182_22023_129-cont-3set,GSM824457,blood 129S1/SvImJ mouse strain NOT infected,Mus musculus,129S1/SvImJ,male,0.50-0.66,-,-,-,-,-,-,0,3,2
blood 129S1/SvImJ 2hrs Sanger rep1 batch 2 batch 2 1545_4182_21996_129-2h-1set,GSM824458,blood 129S1/SvImJ mouse strain blood taken 2 hours after infection with S. aureus Sanger476,Mus musculus,129S1/SvImJ,male,0.50-0.66,Staphylococcus aureus,Sanger476,1.00E+07,peritoneum,-,infected,2,1,2
blood 129S1/SvImJ 2hrs Sanger rep2 batch 2 batch 2 1545_4182_22010_129-2h-2set,GSM824459,blood 129S1/SvImJ mouse strain blood taken 2 hours after infection with S. aureus Sanger476,Mus musculus,129S1/SvImJ,male,0.50-0.66,Staphylococcus aureus,Sanger476,1.00E+07,peritoneum,-,infected,2,2,2
blood 129S1/SvImJ 2hrs Sanger rep3 batch 2 batch 2 1545_4182_22024_129-2h-3set,GSM824460,blood 129S1/SvImJ mouse strain blood taken 2 hours after infection with S. aureus Sanger476,Mus musculus,129S1/SvImJ,male,0.50-0.66,Staphylococcus aureus,Sanger476,1.00E+07,peritoneum,-,infected,2,3,2
blood A/J 0hrs rep1 batch 6 batch 6 1545_4319_23514_AJ-control-2,GSM824461,blood A/J mouse strain NOT infected,Mus musculus,A/J,male,0.50-0.66,-,-,-,-,-,-,0,1,6
blood A/J 0hrs rep2 batch 6 batch 6 1545_4319_23517_AJ-control-3,GSM824462,blood A/J mouse strain NOT infected,Mus musculus,A/J,male,0.50-0.66,-,-,-,-,-,-,0,2,6
blood A/J 0hrs rep3 batch 6 batch 6 1545_4319_23524_AJ-control-5,GSM824463,blood A/J mouse strain NOT infected,Mus musculus,A/J,male,0.50-0.66,-,-,-,-,-,-,0,3,6
blood A/J 0hrs rep1 batch 1 batch 1 1545_3293_16118_1,GSM824464,blood A/J mouse strain NOT infected,Mus musculus,A/J,male,0.50-0.66,-,-,-,-,-,-,0,1,1
blood A/J 0hrs rep2 batch 1 batch 1 1545_3293_16119_2,GSM824465,blood A/J mouse strain NOT infected,Mus musculus,A/J,male,0.50-0.66,-,-,-,-,-,-,0,2,1
blood A/J 0hrs rep3 batch 1 batch 1 1545_3293_16120_3,GSM824466,blood A/J mouse strain NOT infected,Mus musculus,A/J,male,0.50-0.66,-,-,-,-,-,-,0,3,1
blood A/J 0hrs rep4 batch 1 batch 1 1545_3293_16121_6,GSM824467,blood A/J mouse strain NOT infected,Mus musculus,A/J,male,0.50-0.66,-,-,-,-,-,-,0,4,1
blood A/J 0hrs rep5 batch 1 batch 1 1545_3293_16122_7,GSM824468,blood A/J mouse strain NOT infected,Mus musculus,A/J,male,0.50-0.66,-,-,-,-,-,-,0,5,1
blood A/J 0hrs rep5 batch 2 batch 2 1545_3968_20724_6Acontrol,GSM824469,blood A/J mouse strain NOT infected,Mus musculus,A/J,male,0.50-0.66,-,-,-,-,-,-,0,5,2
blood A/J 0hrs rep1 batch 2 batch 2 1545_4008_20921_A1cont,GSM824470,blood A/J mouse strain NOT infected,Mus musculus,A/J,male,0.50-0.66,-,-,-,-,-,-,0,1,2
blood A/J 0hrs rep2 batch 2 batch 2 1545_4008_20931_A2cont,GSM824471,blood A/J mouse strain NOT infected,Mus musculus,A/J,male,0.50-0.66,-,-,-,-,-,-,0,2,2
blood A/J 0hrs rep3 batch 2 batch 2 1545_4008_20941_A3cont,GSM824472,blood A/J mouse strain NOT infected,Mus musculus,A/J,male,0.50-0.66,-,-,-,-,-,-,0,3,2
blood A/J 0hrs rep4 batch 2 batch 2 1545_4008_20951_A4cont,GSM824473,blood A/J mouse strain NOT infected,Mus musculus,A/J,male,0.50-0.66,-,-,-,-,-,-,0,4,2
blood A/J 0hrs rep1 batch 2 batch 2 1545_4182_21997_A-cont-1set,GSM824474,blood A/J mouse strain NOT infected,Mus musculus,A/J,male,0.50-0.66,-,-,-,-,-,-,0,1,2
blood A/J 0hrs rep2 batch 2 batch 2 1545_4182_22011_A-cont-2set,GSM824475,blood A/J mouse strain NOT infected,Mus musculus,A/J,male,0.50-0.66,-,-,-,-,-,-,0,2,2
blood A/J 0hrs rep3 batch 2 batch 2 1545_4182_22025_A-cont-3set,GSM824476,blood A/J mouse strain NOT infected,Mus musculus,A/J,male,0.50-0.66,-,-,-,-,-,-,0,3,2
blood A/J 24hrs Ecoli rep1 batch 1 batch 1 1545_3617_18176_AE1,GSM824477,blood A/J mouse strain blood taken 24 hours after infection with E. coli,Mus musculus,A/J,male,0.50-0.66,Escherichia  coli,O18:K1:H7,6.00E+04,peritoneum,-,infected,24,1,1
blood A/J 24hrs Ecoli rep2 batch 1 batch 1 1545_3617_18177_AE2,GSM824478,blood A/J mouse strain blood taken 24 hours after infection with E. coli,Mus musculus,A/J,male,0.50-0.66,Escherichia  coli,O18:K1:H7,6.00E+04,peritoneum,-,infected,24,2,1
blood A/J 24hrs Ecoli rep3 batch 1 batch 1 1545_3617_18178_AE3,GSM824479,blood A/J mouse strain blood taken 24 hours after infection with E. coli,Mus musculus,A/J,male,0.50-0.66,Escherichia  coli,O18:K1:H7,6.00E+04,peritoneum,-,infected,24,3,1
blood A/J 24hrs Ecoli rep4 batch 1 batch 1 1545_3617_18179_AE4,GSM824480,blood A/J mouse strain blood taken 24 hours after infection with E. coli,Mus musculus,A/J,male,0.50-0.66,Escherichia  coli,O18:K1:H7,6.00E+04,peritoneum,-,infected,24,4,1
blood A/J 24hrs Ecoli rep5 batch 1 batch 1 1545_3617_18180_AE5,GSM824481,blood A/J mouse strain blood taken 24 hours after infection with E. coli,Mus musculus,A/J,male,0.50-0.66,Escherichia  coli,O18:K1:H7,6.00E+04,peritoneum,-,infected,24,5,1
blood A/J 2hrs MW2 rep1 batch 6 batch 6 1545_4319_23513_AJ-nw2-2,GSM824482,blood A/J mouse strain blood taken 2 hours after infection with S. aureus MW2,Mus musculus,A/J,male,0.50-0.66,Staphylococcus aureus,MW2,1.00E+07,peritoneum,-,infected,2,1,6
blood A/J 2hrs MW2 rep2 batch 6 batch 6 1545_4319_23516_AJ-nw2-3,GSM824483,blood A/J mouse strain blood taken 2 hours after infection with S. aureus MW2,Mus musculus,A/J,male,0.50-0.66,Staphylococcus aureus,MW2,1.00E+07,peritoneum,-,infected,2,2,6
blood A/J 2hrs MW2 rep3 batch 6 batch 6 1545_4319_23523_AJ-nw2-4,GSM824484,blood A/J mouse strain blood taken 2 hours after infection with S. aureus MW2,Mus musculus,A/J,male,0.50-0.66,Staphylococcus aureus,MW2,1.00E+07,peritoneum,-,infected,2,3,6
blood A/J 2hrs Sanger rep1 batch 2 batch 2 1545_3968_20725_A2h-1set,GSM824485,blood A/J mouse strain blood taken 2 hours after infection with S. aureus Sanger476,Mus musculus,A/J,male,0.50-0.66,Staphylococcus aureus,Sanger476,1.00E+07,peritoneum,-,infected,2,1,2
blood A/J 2hrs Sanger rep2 batch 2 batch 2 1545_4008_20930_A2h-2nd,GSM824486,blood A/J mouse strain blood taken 2 hours after infection with S. aureus Sanger476,Mus musculus,A/J,male,0.50-0.66,Staphylococcus aureus,Sanger476,1.00E+07,peritoneum,-,infected,2,2,2
blood A/J 2hrs Sanger rep3 batch 2 batch 2 1545_4008_20933_A2h-3set,GSM824487,blood A/J mouse strain blood taken 2 hours after infection with S. aureus Sanger476,Mus musculus,A/J,male,0.50-0.66,Staphylococcus aureus,Sanger476,1.00E+07,peritoneum,-,infected,2,3,2
blood A/J 2hrs Sanger rep4 batch 2 batch 2 1545_4008_20943_A2h-4set,GSM824488,blood A/J mouse strain blood taken 2 hours after infection with S. aureus Sanger476,Mus musculus,A/J,male,0.50-0.66,Staphylococcus aureus,Sanger476,1.00E+07,peritoneum,-,infected,2,4,2
blood A/J 2hrs Sanger rep5 batch 2 batch 2 1545_4008_20953_A2h-5set,GSM824489,blood A/J mouse strain blood taken 2 hours after infection with S. aureus Sanger476,Mus musculus,A/J,male,0.50-0.66,Staphylococcus aureus,Sanger476,1.00E+07,peritoneum,-,infected,2,5,2
blood A/J 2hrs Sanger rep1 batch 2 batch 2 1545_4182_21998_A2h-1set,GSM824490,blood A/J mouse strain blood taken 2 hours after infection with S. aureus Sanger476,Mus musculus,A/J,male,0.50-0.66,Staphylococcus aureus,Sanger476,1.00E+07,peritoneum,-,infected,2,1,2
blood A/J 2hrs Sanger rep2 batch 2 batch 2 1545_4182_22012_A2h-2set,GSM824491,blood A/J mouse strain blood taken 2 hours after infection with S. aureus Sanger476,Mus musculus,A/J,male,0.50-0.66,Staphylococcus aureus,Sanger476,1.00E+07,peritoneum,-,infected,2,2,2
blood A/J 2hrs Sanger rep3 batch 2 batch 2 1545_4182_22026_A2h-3set,GSM824492,blood A/J mouse strain blood taken 2 hours after infection with S. aureus Sanger476,Mus musculus,A/J,male,0.50-0.66,Staphylococcus aureus,Sanger476,1.00E+07,peritoneum,-,infected,2,3,2
blood A/J 2hrs Sanger rep1 batch 6 batch 6 1545_4319_23512_AJ-sanger-2,GSM824493,blood A/J mouse strain blood taken 2 hours after infection with S. aureus Sanger476,Mus musculus,A/J,male,0.50-0.66,Staphylococcus aureus,Sanger476,1.00E+07,peritoneum,-,infected,2,1,6
blood A/J 2hrs Sanger rep2 batch 6 batch 6 1545_4319_23515_AJ-sanger-3,GSM824494,blood A/J mouse strain blood taken 2 hours after infection with S. aureus Sanger476,Mus musculus,A/J,male,0.50-0.66,Staphylococcus aureus,Sanger476,1.00E+07,peritoneum,-,infected,2,2,6
blood A/J 2hrs Sanger rep3 batch 6 batch 6 1545_4319_23522_AJ-sanger-5,GSM824495,blood A/J mouse strain blood taken 2 hours after infection with S. aureus Sanger476,Mus musculus,A/J,male,0.50-0.66,Staphylococcus aureus,Sanger476,1.00E+07,peritoneum,-,infected,2,3,6
blood A/J 4hrs Sanger rep1 batch 2 batch 2 1545_3968_20726_A4h-1set,GSM824496,blood A/J mouse strain blood taken 4 hours after infection with S. aureus Sanger476,Mus musculus,A/J,male,0.50-0.66,Staphylococcus aureus,Sanger476,1.00E+07,peritoneum,-,infected,4,1,2
blood A/J 4hrs Sanger rep2 batch 2 batch 2 1545_4008_20922_A4h-2set,GSM824497,blood A/J mouse strain blood taken 4 hours after infection with S. aureus Sanger476,Mus musculus,A/J,male,0.50-0.66,Staphylococcus aureus,Sanger476,1.00E+07,peritoneum,-,infected,4,2,2
blood A/J 4hrs Sanger rep3 batch 2 batch 2 1545_4008_20934_A4h-3set,GSM824498,blood A/J mouse strain blood taken 4 hours after infection with S. aureus Sanger476,Mus musculus,A/J,male,0.50-0.66,Staphylococcus aureus,Sanger476,1.00E+07,peritoneum,-,infected,4,3,2
blood A/J 4hrs Sanger rep4 batch 2 batch 2 1545_4008_20944_A4h-4set,GSM824499,blood A/J mouse strain blood taken 4 hours after infection with S. aureus Sanger476,Mus musculus,A/J,male,0.50-0.66,Staphylococcus aureus,Sanger476,1.00E+07,peritoneum,-,infected,4,4,2
blood A/J 4hrs Sanger rep5 batch 2 batch 2 1545_4008_20954_A4h-5set,GSM824500,blood A/J mouse strain blood taken 4 hours after infection with S. aureus Sanger476,Mus musculus,A/J,male,0.50-0.66,Staphylococcus aureus,Sanger476,1.00E+07,peritoneum,-,infected,4,5,2
blood A/J 6hrs Sanger rep1 batch 2 batch 2 1545_3968_20727_A6h-1set,GSM824501,blood A/J mouse strain blood taken 6 hours after infection with S. aureus Sanger476,Mus musculus,A/J,male,0.50-0.66,Staphylococcus aureus,Sanger476,1.00E+07,peritoneum,-,infected,6,1,2
blood A/J 6hrs Sanger rep2 batch 2 batch 2 1545_4008_20923_A6h-2set,GSM824502,blood A/J mouse strain blood taken 6 hours after infection with S. aureus Sanger476,Mus musculus,A/J,male,0.50-0.66,Staphylococcus aureus,Sanger476,1.00E+07,peritoneum,-,infected,6,2,2
blood A/J 6hrs Sanger rep3 batch 2 batch 2 1545_4008_20935_A6h-3set,GSM824503,blood A/J mouse strain blood taken 6 hours after infection with S. aureus Sanger476,Mus musculus,A/J,male,0.50-0.66,Staphylococcus aureus,Sanger476,1.00E+07,peritoneum,-,infected,6,3,2
blood A/J 6hrs Sanger rep4 batch 2 batch 2 1545_4008_20945_A6h-4set,GSM824504,blood A/J mouse strain blood taken 6 hours after infection with S. aureus Sanger476,Mus musculus,A/J,male,0.50-0.66,Staphylococcus aureus,Sanger476,1.00E+07,peritoneum,-,infected,6,4,2
blood A/J 6hrs Sanger rep5 batch 2 batch 2 1545_4008_20955_A6h-5set,GSM824505,blood A/J mouse strain blood taken 6 hours after infection with S. aureus Sanger476,Mus musculus,A/J,male,0.50-0.66,Staphylococcus aureus,Sanger476,1.00E+07,peritoneum,-,infected,6,5,2
blood A/J 12hrs Sanger rep1 batch 2 batch 2 1545_3968_20728_A12h-1set,GSM824506,blood A/J mouse strain blood taken 12 hours after infection with S. aureus Sanger476,Mus musculus,A/J,male,0.50-0.66,Staphylococcus aureus,Sanger476,1.00E+07,peritoneum,-,infected,12,1,2
blood A/J 12hrs Sanger rep2 batch 2 batch 2 1545_4008_20924_A12h-2set,GSM824507,blood A/J mouse strain blood taken 12 hours after infection with S. aureus Sanger476,Mus musculus,A/J,male,0.50-0.66,Staphylococcus aureus,Sanger476,1.00E+07,peritoneum,-,infected,12,2,2
blood A/J 12hrs Sanger rep3 batch 2 batch 2 1545_4008_20936_A12h-3set,GSM824508,blood A/J mouse strain blood taken 12 hours after infection with S. aureus Sanger476,Mus musculus,A/J,male,0.50-0.66,Staphylococcus aureus,Sanger476,1.00E+07,peritoneum,-,infected,12,3,2
blood A/J 12hrs Sanger rep4 batch 2 batch 2 1545_4008_20946_A12h-4set,GSM824509,blood A/J mouse strain blood taken 12 hours after infection with S. aureus Sanger476,Mus musculus,A/J,male,0.50-0.66,Staphylococcus aureus,Sanger476,1.00E+07,peritoneum,-,infected,12,4,2
blood A/J 12hrs Sanger rep5 batch 2 batch 2 1545_4008_20956_A12h-5set,GSM824510,blood A/J mouse strain blood taken 12 hours after infection with S. aureus Sanger476,Mus musculus,A/J,male,0.50-0.66,Staphylococcus aureus,Sanger476,1.00E+07,peritoneum,-,infected,12,5,2
blood A/J 12hrs Sanger rep1 batch 1 batch 1 1545_3293_16128_36,GSM824511,blood A/J mouse strain blood taken 12 hours after infection with S. aureus Sanger476,Mus musculus,A/J,male,0.50-0.66,Staphylococcus aureus,Sanger476,1.00E+07,peritoneum,-,infected,12,1,1
blood A/J 12hrs Sanger rep2 batch 1 batch 1 1545_3293_16129_37,GSM824512,blood A/J mouse strain blood taken 12 hours after infection with S. aureus Sanger476,Mus musculus,A/J,male,0.50-0.66,Staphylococcus aureus,Sanger476,1.00E+07,peritoneum,-,infected,12,2,1
blood A/J 12hrs Sanger rep3 batch 1 batch 1 1545_3293_16130_38,GSM824513,blood A/J mouse strain blood taken 12 hours after infection with S. aureus Sanger476,Mus musculus,A/J,male,0.50-0.66,Staphylococcus aureus,Sanger476,1.00E+07,peritoneum,-,infected,12,3,1
blood A/J 12hrs Sanger rep4 batch 1 batch 1 1545_3293_16131_39,GSM824514,blood A/J mouse strain blood taken 12 hours after infection with S. aureus Sanger476,Mus musculus,A/J,male,0.50-0.66,Staphylococcus aureus,Sanger476,1.00E+07,peritoneum,-,infected,12,4,1
blood A/J 12hrs Sanger rep5 batch 1 batch 1 1545_3293_16137_40,GSM824515,blood A/J mouse strain blood taken 12 hours after infection with S. aureus Sanger476,Mus musculus,A/J,male,0.50-0.66,Staphylococcus aureus,Sanger476,1.00E+07,peritoneum,-,infected,12,5,1
blood A/J 2hrs USA100 rep1 batch 6 batch 6 1545_4319_23511_AJ-usa-100-2,GSM824516,blood A/J mouse strain blood taken 2 hours after infection with S. aureus USA100,Mus musculus,A/J,male,0.50-0.66,Staphylococcus aureus,USA100,1.00E+07,peritoneum,-,infected,2,1,6
blood A/J 2hrs USA100 rep2 batch 6 batch 6 1545_4319_23519_AJ-usa-100-4,GSM824517,blood A/J mouse strain blood taken 2 hours after infection with S. aureus USA100,Mus musculus,A/J,male,0.50-0.66,Staphylococcus aureus,USA100,1.00E+07,peritoneum,-,infected,2,2,6
blood A/J 2hrs USA100 rep3 batch 6 batch 6 1545_4319_23521_AJ-usa-100-5,GSM824518,blood A/J mouse strain blood taken 2 hours after infection with S. aureus USA100,Mus musculus,A/J,male,0.50-0.66,Staphylococcus aureus,USA100,1.00E+07,peritoneum,-,infected,2,3,6
blood A/J 2hrs USA300 rep1 batch 6 batch 6 1545_4319_23510_AJ-usa-300-2,GSM824519,blood A/J mouse strain blood taken 2 hours after infection with S. aureus USA300,Mus musculus,A/J,male,0.50-0.66,Staphylococcus aureus,USA300,1.00E+07,peritoneum,-,infected,2,1,6
blood A/J 2hrs USA300 rep2 batch 6 batch 6 1545_4319_23518_AJ-usa-300-4,GSM824520,blood A/J mouse strain blood taken 2 hours after infection with S. aureus USA300,Mus musculus,A/J,male,0.50-0.66,Staphylococcus aureus,USA300,1.00E+07,peritoneum,-,infected,2,2,6
blood A/J 2hrs USA300 rep3 batch 6 batch 6 1545_4319_23520_AJ-usa-300-5,GSM824521,blood A/J mouse strain blood taken 2 hours after infection with S. aureus USA300,Mus musculus,A/J,male,0.50-0.66,Staphylococcus aureus,USA300,1.00E+07,peritoneum,-,infected,2,3,6
blood AKR/J 0hrs rep1 batch 2 batch 2 1545_4182_21999_AKR-cont-1set,GSM824522,blood AKR/J mouse strain NOT infected,Mus musculus,AKR/J,male,0.50-0.66,-,-,-,-,-,-,0,1,2
blood AKR/J 0hrs rep2 batch 2 batch 2 1545_4182_22013_AKR-cont-2set,GSM824523,blood AKR/J mouse strain NOT infected,Mus musculus,AKR/J,male,0.50-0.66,-,-,-,-,-,-,0,2,2
blood AKR/J 0hrs rep3 batch 2 batch 2 1545_4182_22027_AKR-cont-3set,GSM824524,blood AKR/J mouse strain NOT infected,Mus musculus,AKR/J,male,0.50-0.66,-,-,-,-,-,-,0,3,2
blood AKR/J 2hrs Sanger rep1 batch 2 batch 2 1545_4182_22000_AKR-2h-1set,GSM824525,blood AKR/J mouse strain blood taken 2 hours after infection with S. aureus Sanger476,Mus musculus,AKR/J,male,0.50-0.66,Staphylococcus aureus,Sanger476,1.00E+07,peritoneum,-,infected,2,1,2
blood AKR/J 2hrs Sanger rep2 batch 2 batch 2 1545_4182_22014_AKR-2h-2set,GSM824526,blood AKR/J mouse strain blood taken 2 hours after infection with S. aureus Sanger476,Mus musculus,AKR/J,male,0.50-0.66,Staphylococcus aureus,Sanger476,1.00E+07,peritoneum,-,infected,2,2,2
blood AKR/J 2hrs Sanger rep3 batch 2 batch 2 1545_4182_22028_AKR-2h-3set,GSM824527,blood AKR/J mouse strain blood taken 2 hours after infection with S. aureus Sanger476,Mus musculus,AKR/J,male,0.50-0.66,Staphylococcus aureus,Sanger476,1.00E+07,peritoneum,-,infected,2,3,2
blood BALB/cByJ 0hrs rep1 batch 2 batch 2 1545_4182_22001_BALB-cont-1set,GSM824528,blood BALB/cBy mouse strain NOT infected,Mus musculus,BALB/cByJ,male,0.50-0.66,-,-,-,-,-,-,0,1,2
blood BALB/cByJ 0hrs rep2 batch 2 batch 2 1545_4182_22015_BALB-cont-2set,GSM824529,blood BALB/cBy mouse strain NOT infected,Mus musculus,BALB/cByJ,male,0.50-0.66,-,-,-,-,-,-,0,2,2
blood BALB/cByJ 0hrs rep3 batch 2 batch 2 1545_4182_22029_BALB-cont-3set,GSM824530,blood BALB/cBy mouse strain NOT infected,Mus musculus,BALB/cByJ,male,0.50-0.66,-,-,-,-,-,-,0,3,2
blood BALB/cByJ 2hrs Sanger rep1 batch 2 batch 2 1545_4182_22002_BALB-2h-1set,GSM824531,blood BALB/cBy mouse strain blood taken 2 hours after infection with S. aureus Sanger476,Mus musculus,BALB/cByJ,male,0.50-0.66,Staphylococcus aureus,Sanger476,1.00E+07,peritoneum,-,infected,2,1,2
blood BALB/cByJ 2hrs Sanger rep2 batch 2 batch 2 1545_4182_22016_BALB-2h-2set,GSM824532,blood BALB/cBy mouse strain blood taken 2 hours after infection with S. aureus Sanger476,Mus musculus,BALB/cByJ,male,0.50-0.66,Staphylococcus aureus,Sanger476,1.00E+07,peritoneum,-,infected,2,2,2
blood BALB/cByJ 2hrs Sanger rep3 batch 2 batch 2 1545_4182_22030_BALB-2h-3set,GSM824533,blood BALB/cBy mouse strain blood taken 2 hours after infection with S. aureus Sanger476,Mus musculus,BALB/cByJ,male,0.50-0.66,Staphylococcus aureus,Sanger476,1.00E+07,peritoneum,-,infected,2,3,2
blood C3H/HeJ 0hrs rep1 batch 2 batch 2 1545_4182_22005_C3H-cont-1set,GSM824534,blood C3H/HeJ mouse strain NOT infected,Mus musculus,C3H/HeJ,male,0.50-0.66,-,-,-,-,-,-,0,1,2
blood C3H/HeJ 0hrs rep2 batch 2 batch 2 1545_4182_22019_C3H-cont-2set,GSM824535,blood C3H/HeJ mouse strain NOT infected,Mus musculus,C3H/HeJ,male,0.50-0.66,-,-,-,-,-,-,0,2,2
blood C3H/HeJ 0hrs rep3 batch 2 batch 2 1545_4182_22033_C3H-cont-3set,GSM824536,blood C3H/HeJ mouse strain NOT infected,Mus musculus,C3H/HeJ,male,0.50-0.66,-,-,-,-,-,-,0,3,2
blood C3H/HeJ 2hrs Sanger rep1 batch 2 batch 2 1545_4182_22006_C3H-2h-1set,GSM824537,blood C3H/HeJ mouse strain blood taken 2 hours after infection with S. aureus Sanger476,Mus musculus,C3H/HeJ,male,0.50-0.66,Staphylococcus aureus,Sanger476,1.00E+07,peritoneum,-,infected,2,1,2
blood C3H/HeJ 2hrs Sanger rep2 batch 2 batch 2 1545_4182_22020_C3H-2h-2set,GSM824538,blood C3H/HeJ mouse strain blood taken 2 hours after infection with S. aureus Sanger476,Mus musculus,C3H/HeJ,male,0.50-0.66,Staphylococcus aureus,Sanger476,1.00E+07,peritoneum,-,infected,2,2,2
blood C3H/HeJ 2hrs Sanger rep3 batch 2 batch 2 1545_4182_22034_C3H-2h-3set,GSM824539,blood C3H/HeJ mouse strain blood taken 2 hours after infection with S. aureus Sanger476,Mus musculus,C3H/HeJ,male,0.50-0.66,Staphylococcus aureus,Sanger476,1.00E+07,peritoneum,-,infected,2,3,2
blood C57BL/6J 2hrs Sanger rep1 batch 2 batch 2 1545_4182_22004_B2h-1set,GSM824540,blood C57BL/6J mouse strain blood taken 2 hours after infection with S. aureus Sanger476,Mus musculus,C57BL/6J,male,0.50-0.66,Staphylococcus aureus,Sanger476,1.00E+07,peritoneum,-,infected,2,1,2
blood C57BL/6 2hrs Sanger rep2 batch 2 batch 2 1545_4182_22018_B2h-2set,GSM824541,blood C57BL/6J mouse strain blood taken 2 hours after infection with S. aureus Sanger476,Mus musculus,C57BL/6J,male,0.50-0.66,Staphylococcus aureus,Sanger476,1.00E+07,peritoneum,-,infected,2,2,2
blood C57BL/6 2hrs Sanger rep3 batch 2 batch 2 1545_4182_22032_B2h-3set,GSM824542,blood C57BL/6J mouse strain blood taken 2 hours after infection with S. aureus Sanger476,Mus musculus,C57BL/6J,male,0.50-0.66,Staphylococcus aureus,Sanger479,1.00E+07,peritoneum,-,infected,2,3,2
blood C57BL/6J 0hrs rep1 batch 1 batch 1 1545_3293_16114_16,GSM824543,blood C57BL/6J mouse strain NOT infected,Mus musculus,C57BL/6J,male,0.50-0.66,-,-,-,-,-,-,0,1,1
blood C57BL/6J 0hrs rep2 batch 1 batch 1 1545_3293_16115_17,GSM824544,blood C57BL/6J mouse strain NOT infected,Mus musculus,C57BL/6J,male,0.50-0.66,-,-,-,-,-,-,0,2,1
blood C57BL/6J 0hrs rep3 batch 1 batch 1 1545_3293_16116_18,GSM824545,blood C57BL/6J mouse strain NOT infected,Mus musculus,C57BL/6J,male,0.50-0.66,-,-,-,-,-,-,0,3,1
blood C57BL/6J 0hrs rep4 batch 1 batch 1 1545_3293_16117_19,GSM824546,blood C57BL/6J mouse strain NOT infected,Mus musculus,C57BL/6J,male,0.50-0.66,-,-,-,-,-,-,0,4,1
blood C57BL/6J 0hrs rep5 batch 1 batch 1 1545_3293_16123_20,GSM824547,blood C57BL/6J mouse strain NOT infected,Mus musculus,C57BL/6J,male,0.50-0.66,-,-,-,-,-,-,0,5,1
blood C57BL/6J 0hrs rep5 batch 2 batch 2 1545_3967_20733_18Bcontrol,GSM824548,blood C57BL/6J mouse strain NOT infected,Mus musculus,C57BL/6J,male,0.50-0.66,-,-,-,-,-,-,0,5,2
blood C57BL/6J 0hrs rep1 batch 2 batch 2 1545_4008_20926_B1cont,GSM824549,blood C57BL/6J mouse strain NOT infected,Mus musculus,C57BL/6J,male,0.50-0.66,-,-,-,-,-,-,0,1,2
blood C57BL/6J 0hrs rep2 batch 2 batch 2 1545_4008_20932_B2cont,GSM824550,blood C57BL/6J mouse strain NOT infected,Mus musculus,C57BL/6J,male,0.50-0.66,-,-,-,-,-,-,0,2,2
blood C57BL/6J 0hrs rep3 batch 2 batch 2 1545_4008_20942_B3cont,GSM824551,blood C57BL/6J mouse strain NOT infected,Mus musculus,C57BL/6J,male,0.50-0.66,-,-,-,-,-,-,0,3,2
blood C57BL/6J 0hrs rep4 batch 2 batch 2 1545_4008_20952_B4cont,GSM824552,blood C57BL/6J mouse strain NOT infected,Mus musculus,C57BL/6J,male,0.50-0.66,-,-,-,-,-,-,0,4,2
blood C57BL/6J 0hrs rep1 batch 2 batch 2 1545_4182_22003_B-cont-1set,GSM824553,blood C57BL/6J mouse strain NOT infected,Mus musculus,C57BL/6J,male,0.50-0.66,-,-,-,-,-,-,0,1,2
blood C57BL/6J 0hrs rep2 batch 2 batch 2 1545_4182_22017_B-cont-2set,GSM824554,blood C57BL/6J mouse strain NOT infected,Mus musculus,C57BL/6J,male,0.50-0.66,-,-,-,-,-,-,0,2,2
blood C57BL/6J 0hrs rep3 batch 2 batch 2 1545_4182_22031_B-cont-3set,GSM824555,blood C57BL/6J mouse strain NOT infected,Mus musculus,C57BL/6J,male,0.50-0.66,-,-,-,-,-,-,0,3,2
blood C57BL/6J 24hrs Ecoli rep1 batch 1 batch 1 1545_3617_18181_BE1,GSM824556,blood C57BL/6J mouse strain blood taken 24 hours after infection with E. coli,Mus musculus,C57BL/6J,male,0.50-0.66,Escherichia  coli,O18:K1:H7,6.00E+04,peritoneum,-,infected,24,1,1
blood C57BL/6J 24hrs Ecoli rep2 batch 1 batch 1 1545_3617_18182_BE2,GSM824557,blood C57BL/6J mouse strain blood taken 24 hours after infection with E. coli,Mus musculus,C57BL/6J,male,0.50-0.66,Escherichia  coli,O18:K1:H7,6.00E+04,peritoneum,-,infected,24,2,1
blood C57BL/6J 24hrs Ecoli rep3 batch 1 batch 1 1545_3617_18183_BE3,GSM824558,blood C57BL/6J mouse strain blood taken 24 hours after infection with E. coli,Mus musculus,C57BL/6J,male,0.50-0.66,Escherichia  coli,O18:K1:H7,6.00E+04,peritoneum,-,infected,24,3,1
blood C57BL/6J 24hrs Ecoli rep4 batch 1 batch 1 1545_3617_18184_BE4,GSM824559,blood C57BL/6J mouse strain blood taken 24 hours after infection with E. coli,Mus musculus,C57BL/6J,male,0.50-0.66,Escherichia  coli,O18:K1:H7,6.00E+04,peritoneum,-,infected,24,4,1
blood C57BL/6J 24hrs Ecoli rep5 batch 1 batch 1 1545_3617_18185_BE5,GSM824560,blood C57BL/6J mouse strain blood taken 24 hours after infection with E. coli,Mus musculus,C57BL/6J,male,0.50-0.66,Escherichia  coli,O18:K1:H7,6.00E+04,peritoneum,-,infected,24,5,1
blood C57BL/6J 2hrs Sanger rep1 batch 2 batch 2 1545_3968_20729_B2h-1set,GSM824561,blood C57BL/6J mouse strain blood taken 2 hours after infection with S. aureus Sanger476,Mus musculus,C57BL/6J,male,0.50-0.66,Staphylococcus aureus,Sanger476,1.00E+07,peritoneum,-,infected,2,1,2
blood C57BL/6J 2hrs Sanger rep2 batch 2 batch 2 1545_4008_20927_B2h-2set,GSM824562,blood C57BL/6J mouse strain blood taken 2 hours after infection with S. aureus Sanger476,Mus musculus,C57BL/6J,male,0.50-0.66,Staphylococcus aureus,Sanger476,1.00E+07,peritoneum,-,infected,2,2,2
blood C57BL/6J 2hrs Sanger rep3 batch 2 batch 2 1545_4008_20937_B2h-3set,GSM824563,blood C57BL/6J mouse strain blood taken 2 hours after infection with S. aureus Sanger476,Mus musculus,C57BL/6J,male,0.50-0.66,Staphylococcus aureus,Sanger476,1.00E+07,peritoneum,-,infected,2,3,2
blood C57BL/6J 2hrs Sanger rep4 batch 2 batch 2 1545_4008_20947_B2h-4set,GSM824564,blood C57BL/6J mouse strain blood taken 2 hours after infection with S. aureus Sanger476,Mus musculus,C57BL/6J,male,0.50-0.66,Staphylococcus aureus,Sanger476,1.00E+07,peritoneum,-,infected,2,4,2
blood C57BL/6J 2hrs Sanger rep5 batch 2 batch 2 1545_4008_20957_B2h-5set,GSM824565,blood C57BL/6J mouse strain blood taken 2 hours after infection with S. aureus Sanger476,Mus musculus,C57BL/6J,male,0.50-0.66,Staphylococcus aureus,Sanger476,1.00E+07,peritoneum,-,infected,2,5,2
blood C57BL/6J 4hrs Sanger rep1 batch 2 batch 2 1545_3968_20730_B4h-1set,GSM824566,blood C57BL/6J mouse strain blood taken 4 hours after infection with S. aureus Sanger476,Mus musculus,C57BL/6J,male,0.50-0.66,Staphylococcus aureus,Sanger476,1.00E+07,peritoneum,-,infected,4,1,2
blood C57BL/6J 4hrs Sanger rep2 batch 2 batch 2 1545_4008_20925_B4h-2set,GSM824567,blood C57BL/6J mouse strain blood taken 4 hours after infection with S. aureus Sanger476,Mus musculus,C57BL/6J,male,0.50-0.66,Staphylococcus aureus,Sanger476,1.00E+07,peritoneum,-,infected,4,2,2
blood C57BL/6J 4hrs Sanger rep3 batch 2 batch 2 1545_4008_20938_B4h-3set,GSM824568,blood C57BL/6J mouse strain blood taken 4 hours after infection with S. aureus Sanger476,Mus musculus,C57BL/6J,male,0.50-0.66,Staphylococcus aureus,Sanger476,1.00E+07,peritoneum,-,infected,4,3,2
blood C57BL/6J 4hrs Sanger rep4 batch 2 batch 2 1545_4008_20948_B4h-4set,GSM824569,blood C57BL/6J mouse strain blood taken 4 hours after infection with S. aureus Sanger476,Mus musculus,C57BL/6J,male,0.50-0.66,Staphylococcus aureus,Sanger476,1.00E+07,peritoneum,-,infected,4,4,2
blood C57BL/6J 4hrs Sanger rep5 batch 2 batch 2 1545_4008_20958_B4h-5set,GSM824570,blood C57BL/6J mouse strain blood taken 4 hours after infection with S. aureus Sanger476,Mus musculus,C57BL/6J,male,0.50-0.66,Staphylococcus aureus,Sanger476,1.00E+07,peritoneum,-,infected,4,5,2
blood C57BL/6J 6hrs Sanger rep1 batch 2 batch 2 1545_3968_20731_B6h-1set,GSM824571,blood C57BL/6J mouse strain blood taken 6 hours after infection with S. aureus Sanger476,Mus musculus,C57BL/6J,male,0.50-0.66,Staphylococcus aureus,Sanger476,1.00E+07,peritoneum,-,infected,6,1,2
blood C57BL/6J 6hrs Sanger rep2 batch 2 batch 2 1545_4008_20928_B6h-2set,GSM824572,blood C57BL/6J mouse strain blood taken 6 hours after infection with S. aureus Sanger476,Mus musculus,C57BL/6J,male,0.50-0.66,Staphylococcus aureus,Sanger476,1.00E+07,peritoneum,-,infected,6,2,2
blood C57BL/6J 6hrs Sanger rep3 batch 2 batch 2 1545_4008_20939_B6h-3set,GSM824573,blood C57BL/6J mouse strain blood taken 6 hours after infection with S. aureus Sanger476,Mus musculus,C57BL/6J,male,0.50-0.66,Staphylococcus aureus,Sanger476,1.00E+07,peritoneum,-,infected,6,3,2
blood C57BL/6J 6hrs Sanger rep4 batch 2 batch 2 1545_4008_20949_B6h-4set,GSM824574,blood C57BL/6J mouse strain blood taken 6 hours after infection with S. aureus Sanger476,Mus musculus,C57BL/6J,male,0.50-0.66,Staphylococcus aureus,Sanger476,1.00E+07,peritoneum,-,infected,6,4,2
blood C57BL/6J 6hrs Sanger rep5 batch 2 batch 2 1545_4008_20959_B6h-5set,GSM824575,blood C57BL/6J mouse strain blood taken 6 hours after infection with S. aureus Sanger476,Mus musculus,C57BL/6J,male,0.50-0.66,Staphylococcus aureus,Sanger476,1.00E+07,peritoneum,-,infected,6,5,2
blood C57BL/6J 12hrs Sanger rep1 batch 2 batch 2 1545_3968_20732_B12h-1set,GSM824576,blood C57BL/6J mouse strain blood taken 12 hours after infection with S. aureus Sanger476,Mus musculus,C57BL/6J,male,0.50-0.66,Staphylococcus aureus,Sanger476,1.00E+07,peritoneum,-,infected,12,1,2
blood C57BL/6J 12hrs Sanger rep2 batch 2 batch 2 1545_4008_20929_B12h-2set,GSM824577,blood C57BL/6J mouse strain blood taken 12 hours after infection with S. aureus Sanger476,Mus musculus,C57BL/6J,male,0.50-0.66,Staphylococcus aureus,Sanger476,1.00E+07,peritoneum,-,infected,12,2,2
blood C57BL/6J 12hrs Sanger rep3 batch 2 batch 2 1545_4008_20940_B12h-3set,GSM824578,blood C57BL/6J mouse strain blood taken 12 hours after infection with S. aureus Sanger476,Mus musculus,C57BL/6J,male,0.50-0.66,Staphylococcus aureus,Sanger476,1.00E+07,peritoneum,-,infected,12,3,2
blood C57BL/6J 12hrs Sanger rep4 batch 2 batch 2 1545_4008_20950_B12h-6set,GSM824579,blood C57BL/6J mouse strain blood taken 12 hours after infection with S. aureus Sanger476,Mus musculus,C57BL/6J,male,0.50-0.66,Staphylococcus aureus,Sanger476,1.00E+07,peritoneum,-,infected,12,4,2
blood C57BL/6J 12hrs Sanger rep5 batch 2 batch 2 1545_4008_20960_B12h-5set,GSM824580,blood C57BL/6J mouse strain blood taken 12 hours after infection with S. aureus Sanger476,Mus musculus,C57BL/6J,male,0.50-0.66,Staphylococcus aureus,Sanger476,1.00E+07,peritoneum,-,infected,12,5,2
blood C57BL/6J 12hrs Sanger rep2 batch 1 batch 1 1545_3293_16132_46,GSM824581,blood C57BL/6J mouse strain blood taken 12 hours after infection with S. aureus Sanger476,Mus musculus,C57BL/6J,male,0.50-0.66,Staphylococcus aureus,Sanger476,1.00E+07,peritoneum,-,infected,12,2,1
blood C57BL/6J 12hrs Sanger rep3 batch 1 batch 1 1545_3293_16133_47,GSM824582,blood C57BL/6J mouse strain blood taken 12 hours after infection with S. aureus Sanger476,Mus musculus,C57BL/6J,male,0.50-0.66,Staphylococcus aureus,Sanger476,1.00E+07,peritoneum,-,infected,12,3,1
blood C57BL/6J 12hrs Sanger rep4 batch 1 batch 1 1545_3293_16134_48,GSM824583,blood C57BL/6J mouse strain blood taken 12 hours after infection with S. aureus Sanger476,Mus musculus,C57BL/6J,male,0.50-0.66,Staphylococcus aureus,Sanger476,1.00E+07,peritoneum,-,infected,12,4,1
blood C57BL/6J 12hrs Sanger rep5 batch 1 batch 1 1545_3293_16135_49,GSM824584,blood C57BL/6J mouse strain blood taken 12 hours after infection with S. aureus Sanger476,Mus musculus,C57BL/6J,male,0.50-0.66,Staphylococcus aureus,Sanger476,1.00E+07,peritoneum,-,infected,12,5,1
blood C57BL/6J 12hrs Sanger rep1 batch 1 batch 1 1545_3293_16136_45,GSM824585,blood C57BL/6J mouse strain blood taken 12 hours after infection with S. aureus Sanger476,Mus musculus,C57BL/6J,male,0.50-0.66,Staphylococcus aureus,Sanger476,1.00E+07,peritoneum,-,infected,12,1,1
blood NOD/ShiLtJ 0hrs rep1 batch 2 batch 2 1545_4182_22007_NOD-cont-1set,GSM824586,blood NOD/ShiLtJ mouse strain NOT infected,Mus musculus,NOD/ShiLtJ,male,0.50-0.66,-,-,-,-,-,-,0,1,2
blood NOD/ShiLtJ 0hrs rep2 batch 2 batch 2 1545_4182_22021_NOD-cont-2set,GSM824587,blood NOD/ShiLtJ mouse strain NOT infected,Mus musculus,NOD/ShiLtJ,male,0.50-0.66,-,-,-,-,-,-,0,2,2
blood NOD/ShiLtJ 0hrs rep3 batch 2 batch 2 1545_4182_22035_NOD-cont-3set,GSM824588,blood NOD/ShiLtJ mouse strain NOT infected,Mus musculus,NOD/ShiLtJ,male,0.50-0.66,-,-,-,-,-,-,0,3,2
blood NOD/ShiLtJ 2hrs Sanger rep1 batch 2 batch 2 1545_4182_22008_NOD-2ht-1set,GSM824589,blood NOD/ShiLtJ mouse strain blood taken 2 hours after infection with S. aureus Sanger476,Mus musculus,NOD/ShiLtJ,male,0.50-0.66,Staphylococcus aureus,Sanger476,1.00E+07,peritoneum,-,infected,2,1,2
blood NOD/ShiLtJ 2hrs Sanger rep2 batch 2 batch 2 1545_4182_22022_NOD-2ht-2set,GSM824590,blood NOD/ShiLtJ mouse strain blood taken 2 hours after infection with S. aureus Sanger476,Mus musculus,NOD/ShiLtJ,male,0.50-0.66,Staphylococcus aureus,Sanger476,1.00E+07,peritoneum,-,infected,2,2,2
blood NOD/ShiLtJ 2hrs Sanger rep3 batch 2 batch 2 1545_4182_22036_NOD-2ht-3set,GSM824591,blood NOD/ShiLtJ mouse strain blood taken 2 hours after infection with S. aureus Sanger476,Mus musculus,NOD/ShiLtJ,male,0.50-0.66,Staphylococcus aureus,Sanger476,1.00E+07,peritoneum,-,infected,2,3,2
blood A/J 0hrs rep1 batch 8 batch 8 1545_6512_31094_AJEcol0h-1,GSM824592,blood A/J mouse strain NOT infected,Mus musculus,A/J,male,0.50-0.66,-,-,-,-,-,-,0,1,8
blood A/J 2hrs Ecoli rep1 batch 8 batch 8 1545_6512_31095_AJEcol2h-1,GSM824593,blood A/J mouse strain blood taken 2 hours after infection with E. coli,Mus musculus,A/J,male,0.50-0.66,Escherichia  coli,O18:K1:H7,6.00E+04,peritoneum,-,infected,2,1,8
blood A/J 6hrs Ecoli rep1 batch 8 batch 8 1545_6512_31096_AJEcol6h-1,GSM824594,blood A/J mouse strain blood taken 6 hours after infection with E. coli,Mus musculus,A/J,male,0.50-0.66,Escherichia  coli,O18:K1:H7,6.00E+04,peritoneum,-,infected,6,1,8
blood A/J 12hrs Ecoli rep1 batch 8 batch 8 1545_6512_31097_AJEcol12h-1,GSM824595,blood A/J mouse strain blood taken 12 hours after infection with E. coli,Mus musculus,A/J,male,0.50-0.66,Escherichia  coli,O18:K1:H7,6.00E+04,peritoneum,-,infected,12,1,8
blood A/J 24hrs Ecoli rep1 batch 8 batch 8 1545_6512_31098_AJEcol24h-1,GSM824596,blood A/J mouse strain blood taken 24 hours after infection with E. coli,Mus musculus,A/J,male,0.50-0.66,Escherichia  coli,O18:K1:H7,6.00E+04,peritoneum,-,infected,24,1,8
blood C57BL/6J 0hrs rep1 batch 8 batch 8 1545_6512_31099_BLEcol0h-1,GSM824597,blood C57BL/6J mouse strain NOT infected,Mus musculus,C57BL/6J,male,0.50-0.66,-,-,-,-,-,-,0,1,8
blood C57BL/6J 2hrs Ecoli rep1 batch 8 batch 8 1545_6512_31100_BLEcol2h-1,GSM824598,blood C57BL/6J mouse strain blood taken 2 hours after infection with E. coli,Mus musculus,C57BL/6J,male,0.50-0.66,Escherichia  coli,O18:K1:H7,6.00E+04,peritoneum,-,infected,2,1,8
blood C57BL/6J 6hrs Ecoli rep1 batch 8 batch 8 1545_6512_31101_BLEcol6h-1,GSM824599,blood C57BL/6J mouse strain blood taken 6 hours after infection with E. coli,Mus musculus,C57BL/6J,male,0.50-0.66,Escherichia  coli,O18:K1:H7,6.00E+04,peritoneum,-,infected,6,1,8
blood C57BL/6J 12hrs Ecoli rep1 batch 8 batch 8 1545_6512_31102_BLEcol12h-1,GSM824600,blood C57BL/6J mouse strain blood taken 12 hours after infection with E. coli,Mus musculus,C57BL/6J,male,0.50-0.66,Escherichia  coli,O18:K1:H7,6.00E+04,peritoneum,-,infected,12,1,8
blood C57BL/6J 24hrs Ecoli rep1 batch 8 batch 8 1545_6512_31103_BLEcol24h-1,GSM824601,blood C57BL/6J mouse strain blood taken 24 hours after infection with E. coli,Mus musculus,C57BL/6J,male,0.50-0.66,Escherichia  coli,O18:K1:H7,6.00E+04,peritoneum,-,infected,24,1,8
blood A/J 0hrs rep2 batch 8 batch 8 1545_6512_31104_AJEcol0h-2,GSM824602,blood A/J mouse strain NOT infected,Mus musculus,A/J,male,0.50-0.66,-,-,-,-,-,-,0,2,8
blood A/J 2hrs Ecoli rep2 batch 8 batch 8 1545_6512_31105_AJEcol2h-2,GSM824603,blood A/J mouse strain blood taken 2 hours after infection with E. coli,Mus musculus,A/J,male,0.50-0.66,Escherichia  coli,O18:K1:H7,6.00E+04,peritoneum,-,infected,2,2,8
blood A/J 6hrs Ecoli rep2 batch 8 batch 8 1545_6512_31106_AJEcol6h-2,GSM824604,blood A/J mouse strain blood taken 6 hours after infection with E. coli,Mus musculus,A/J,male,0.50-0.66,Escherichia  coli,O18:K1:H7,6.00E+04,peritoneum,-,infected,6,2,8
blood A/J 12hrs Ecoli rep2 batch 8 batch 8 1545_6512_31107_AJEcol12h-2,GSM824605,blood A/J mouse strain blood taken 12 hours after infection with E. coli,Mus musculus,A/J,male,0.50-0.66,Escherichia  coli,O18:K1:H7,6.00E+04,peritoneum,-,infected,12,2,8
blood A/J 24hrs Ecoli rep2 batch 8 batch 8 1545_6512_31108_AJEcol24h-2,GSM824606,blood A/J mouse strain blood taken 24 hours after infection with E. coli,Mus musculus,A/J,male,0.50-0.66,Escherichia  coli,O18:K1:H7,6.00E+04,peritoneum,-,infected,24,2,8
blood C57BL/6J 0hrs rep2 batch 8 batch 8 1545_6512_31109_BLEcol0h-2,GSM824607,blood C57BL/6J mouse strain NOT infected,Mus musculus,C57BL/6J,male,0.50-0.66,-,-,-,-,-,-,0,2,8
blood C57BL/6J 2hrs Ecoli rep2 batch 8 batch 8 1545_6512_31110_BLEcol2h-2,GSM824608,blood C57BL/6J mouse strain blood taken 2 hours after infection with E. coli,Mus musculus,C57BL/6J,male,0.50-0.66,Escherichia  coli,O18:K1:H7,6.00E+04,peritoneum,-,infected,2,2,8
blood C57BL/6J 6hrs Ecoli rep2 batch 8 batch 8 1545_6512_31111_BLEcol6h-2,GSM824609,blood C57BL/6J mouse strain blood taken 6 hours after infection with E. coli,Mus musculus,C57BL/6J,male,0.50-0.66,Escherichia  coli,O18:K1:H7,6.00E+04,peritoneum,-,infected,6,2,8
blood C57BL/6J 12hrs Ecoli rep2 batch 8 batch 8 1545_6512_31112_BLEcol12h-2,GSM824610,blood C57BL/6J mouse strain blood taken 12 hours after infection with E. coli,Mus musculus,C57BL/6J,male,0.50-0.66,Escherichia  coli,O18:K1:H7,6.00E+04,peritoneum,-,infected,12,2,8
blood C57BL/6J 24hrs Ecoli rep2 batch 8 batch 8 1545_6512_31113_BLEcol24h-2,GSM824611,blood C57BL/6J mouse strain blood taken 24 hours after infection with E. coli,Mus musculus,C57BL/6J,male,0.50-0.66,Escherichia  coli,O18:K1:H7,6.00E+04,peritoneum,-,infected,24,2,8
blood A/J 0hrs rep3 batch 8 batch 8 1545_6512_31114_AJEcol0h-3,GSM824612,blood A/J mouse strain NOT infected,Mus musculus,A/J,male,0.50-0.66,-,-,-,-,-,-,0,3,8
blood A/J 2hrs Ecoli rep3 batch 8 batch 8 1545_6512_31115_AJEcol2h-3,GSM824613,blood A/J mouse strain blood taken 2 hours after infection with E. coli,Mus musculus,A/J,male,0.50-0.66,Escherichia  coli,O18:K1:H7,6.00E+04,peritoneum,-,infected,2,3,8
blood A/J 6hrs Ecoli rep3 batch 8 batch 8 1545_6512_31116_AJEcol6h-3,GSM824614,blood A/J mouse strain blood taken 6 hours after infection with E. coli,Mus musculus,A/J,male,0.50-0.66,Escherichia  coli,O18:K1:H7,6.00E+04,peritoneum,-,infected,6,3,8
blood A/J 12hrs Ecoli rep3 batch 8 batch 8 1545_6512_31117_AJEcol12h-3,GSM824615,blood A/J mouse strain blood taken 12 hours after infection with E. coli,Mus musculus,A/J,male,0.50-0.66,Escherichia  coli,O18:K1:H7,6.00E+04,peritoneum,-,infected,12,3,8
blood A/J 24hrs Ecoli rep3 batch 8 batch 8 1545_6512_31118_AJEcol24h-3,GSM824616,blood A/J mouse strain blood taken 24 hours after infection with E. coli,Mus musculus,A/J,male,0.50-0.66,Escherichia  coli,O18:K1:H7,6.00E+04,peritoneum,-,infected,24,3,8
blood C57BL/6J 0hrs rep3 batch 8 batch 8 1545_6512_31119_BLEcol0h-3,GSM824617,blood C57BL/6J mouse strain NOT infected,Mus musculus,C57BL/6J,male,0.50-0.66,-,-,-,-,-,-,0,3,8
blood C57BL/6J 2hrs Ecoli rep3 batch 8 batch 8 1545_6512_31120_BLEcol2h-3,GSM824618,blood C57BL/6J mouse strain blood taken 2 hours after infection with E. coli,Mus musculus,C57BL/6J,male,0.50-0.66,Escherichia  coli,O18:K1:H7,6.00E+04,peritoneum,-,infected,2,3,8
blood C57BL/6J 6hrs Ecoli rep3 batch 8 batch 8 1545_6512_31121_BLEcol6h-3,GSM824619,blood C57BL/6J mouse strain blood taken 6 hours after infection with E. coli,Mus musculus,C57BL/6J,male,0.50-0.66,Escherichia  coli,O18:K1:H7,6.00E+04,peritoneum,-,infected,6,3,8
blood C57BL/6J 12hrs Ecoli rep3 batch 8 batch 8 1545_6512_31122_BLEcol12h-3,GSM824620,blood C57BL/6J mouse strain blood taken 12 hours after infection with E. coli,Mus musculus,C57BL/6J,male,0.50-0.66,Escherichia  coli,O18:K1:H7,6.00E+04,peritoneum,-,infected,12,3,8
blood C57BL/6J 24hrs Ecoli rep3 batch 8 batch 8 1545_6512_31123_BLEcol24h-3,GSM824621,blood C57BL/6J mouse strain blood taken 24 hours after infection with E. coli,Mus musculus,C57BL/6J,male,0.50-0.66,Escherichia  coli,O18:K1:H7,6.00E+04,peritoneum,-,infected,24,3,8
blood A/J 0hrs rep4 batch 8 batch 8 1545_6512_31124_AJEcol0h-4,GSM824622,blood A/J mouse strain NOT infected,Mus musculus,A/J,male,0.50-0.66,-,-,-,-,-,-,0,4,8
blood A/J 2hrs Ecoli rep4 batch 8 batch 8 1545_6512_31125_AJEcol2h-4,GSM824623,blood A/J mouse strain blood taken 2 hours after infection with E. coli,Mus musculus,A/J,male,0.50-0.66,Escherichia  coli,O18:K1:H7,6.00E+04,peritoneum,-,infected,2,4,8
blood A/J 6hrs Ecoli rep4 batch 8 batch 8 1545_6512_31126_AJEcol6h-4,GSM824624,blood A/J mouse strain blood taken 6 hours after infection with E. coli,Mus musculus,A/J,male,0.50-0.66,Escherichia  coli,O18:K1:H7,6.00E+04,peritoneum,-,infected,6,4,8
blood A/J 12hrs Ecoli rep4 batch 8 batch 8 1545_6512_31127_AJEcol12h-4,GSM824625,blood A/J mouse strain blood taken 12 hours after infection with E. coli,Mus musculus,A/J,male,0.50-0.66,Escherichia  coli,O18:K1:H7,6.00E+04,peritoneum,-,infected,12,4,8
blood A/J 24hrs Ecoli rep4 batch 8 batch 8 1545_6512_31128_AJEcol24h-4,GSM824626,blood A/J mouse strain blood taken 24 hours after infection with E. coli,Mus musculus,A/J,male,0.50-0.66,Escherichia  coli,O18:K1:H7,6.00E+04,peritoneum,-,infected,24,4,8
blood C57BL/6J 0hrs rep4 batch 8 batch 8 1545_6512_31129_BLEcol0h-4,GSM824627,blood C57BL/6J mouse strain NOT infected,Mus musculus,C57BL/6J,male,0.50-0.66,-,-,-,-,-,-,0,4,8
blood C57BL/6J 2hrs Ecoli rep4 batch 8 batch 8 1545_6512_31130_BLEcol2h-4,GSM824628,blood C57BL/6J mouse strain blood taken 2 hours after infection with E. coli,Mus musculus,C57BL/6J,male,0.50-0.66,Escherichia  coli,O18:K1:H7,6.00E+04,peritoneum,-,infected,2,4,8
blood C57BL/6J 6hrs Ecoli rep4 batch 8 batch 8 1545_6512_31131_BLEcol6h-4,GSM824629,blood C57BL/6J mouse strain blood taken 6 hours after infection with E. coli,Mus musculus,C57BL/6J,male,0.50-0.66,Escherichia  coli,O18:K1:H7,6.00E+04,peritoneum,-,infected,6,4,8
blood C57BL/6J 12hrs Ecoli rep4 batch 8 batch 8 1545_6512_31132_BLEcol12h-4,GSM824630,blood C57BL/6J mouse strain blood taken 12 hours after infection with E. coli,Mus musculus,C57BL/6J,male,0.50-0.66,Escherichia  coli,O18:K1:H7,6.00E+04,peritoneum,-,infected,12,4,8
blood C57BL/6J 24hrs Ecoli rep4 batch 8 batch 8 1545_6512_31133_BLEcol24h-4,GSM824631,blood C57BL/6J mouse strain blood taken 24 hours after infection with E. coli,Mus musculus,C57BL/6J,male,0.50-0.66,Escherichia  coli,O18:K1:H7,6.00E+04,peritoneum,-,infected,24,4,8
blood A/J 0hrs rep5 batch 8 batch 8 1545_6512_31134_AJEcol0h-5,GSM824632,blood A/J mouse strain NOT infected,Mus musculus,A/J,male,0.50-0.66,-,-,-,-,-,-,0,5,8
blood A/J 2hrs Ecoli rep5 batch 8 batch 8 1545_6512_31135_AJEcol2h-5,GSM824633,blood A/J mouse strain blood taken 2 hours after infection with E. coli,Mus musculus,A/J,male,0.50-0.66,Escherichia  coli,O18:K1:H7,6.00E+04,peritoneum,-,infected,2,5,8
blood A/J 6hrs Ecoli rep5 batch 8 batch 8 1545_6512_31136_AJEcol6h-5,GSM824634,blood A/J mouse strain blood taken 6 hours after infection with E. coli,Mus musculus,A/J,male,0.50-0.66,Escherichia  coli,O18:K1:H7,6.00E+04,peritoneum,-,infected,6,5,8
blood A/J 12hrs Ecoli rep5 batch 8 batch 8 1545_6512_31137_AJEcol12h-5,GSM824635,blood A/J mouse strain blood taken 12 hours after infection with E. coli,Mus musculus,A/J,male,0.50-0.66,Escherichia  coli,O18:K1:H7,6.00E+04,peritoneum,-,infected,12,5,8
blood A/J 24hrs Ecoli rep5 batch 8 batch 8 1545_6512_31138_AJEcol24h-5,GSM824636,blood A/J mouse strain blood taken 24 hours after infection with E. coli,Mus musculus,A/J,male,0.50-0.66,Escherichia  coli,O18:K1:H7,6.00E+04,peritoneum,-,infected,24,5,8
blood C57BL/6J 0hrs rep5 batch 8 batch 8 1545_6512_31139_BLEcol0h-5,GSM824637,blood C57BL/6J mouse strain NOT infected,Mus musculus,C57BL/6J,male,0.50-0.66,-,-,-,-,-,-,0,5,8
blood C57BL/6J 2hrs Ecoli rep5 batch 8 batch 8 1545_6512_31140_BLEcol2h-5,GSM824638,blood A/J mouse strain blood taken 2 hours after infection with E. coli,Mus musculus,C57BL/6J,male,0.50-0.66,Escherichia  coli,O18:K1:H7,6.00E+04,peritoneum,-,infected,2,5,8
blood C57BL/6J 6hrs Ecoli rep5 batch 8 batch 8 1545_6512_31141_BLEcol6h-5,GSM824639,blood C57BL/6J mouse strain blood taken 6 hours after infection with E. coli,Mus musculus,C57BL/6J,male,0.50-0.66,Escherichia  coli,O18:K1:H7,6.00E+04,peritoneum,-,infected,6,5,8
blood C57BL/6J 12hrs Ecoli rep5 batch 8 batch 8 1545_6512_31142_BLEcol12h-5,GSM824640,blood C57BL/6J mouse strain blood taken 12 hours after infection with E. coli,Mus musculus,C57BL/6J,male,0.50-0.66,Escherichia  coli,O18:K1:H7,6.00E+04,peritoneum,-,infected,12,5,8
blood C57BL/6J 24hrs Ecoli rep5 batch 8 batch 8 1545_6512_31143_BLEcol24h-5,GSM824641,blood C57BL/6J mouse strain blood taken 24 hours after infection with E. coli,Mus musculus,C57BL/6J,male,0.50-0.66,Escherichia  coli,O18:K1:H7,6.00E+04,peritoneum,-,infected,24,5,8
blood CD1 0hrs rep1 batch 9 batch 9 1545_4571_25313_control_1,GSM824642,blood CD1 mouse strain NOT infected,Mus musculus,CD1,male,0.50-0.66,-,-,-,-,-,-,0,1,9
blood CD1 0hrs rep2 batch 9 batch 9 1545_4571_25314_control_2,GSM824643,blood CD1 mouse strain NOT infected,Mus musculus,CD1,male,0.50-0.66,-,-,-,-,-,-,0,2,9
blood CD1 2hrs Sanger rep1 batch 9 batch 9 1545_4571_25315_Sanger_1,GSM824644,blood CD1 mouse strain blood taken 2 hours after infection with S. aureus Sanger476,Mus musculus,CD1,male,0.50-0.66,Staphylococcus aureus,Sanger476,1.00E+07,peritoneum,-,infected,2,1,9
blood CD1 2hrs Sanger rep2 batch 9 batch 9 1545_4571_25316_Sanger_2,GSM824645,blood CD1 mouse strain blood taken 2 hours after infection with S. aureus Sanger476,Mus musculus,CD1,male,0.50-0.66,Staphylococcus aureus,Sanger476,1.00E+07,peritoneum,-,infected,2,2,9
blood CD1 2hrs USA300 rep1 batch 9 batch 9 1545_4571_25317_USA_1,GSM824646,blood CD1 mouse strain blood taken 2 hours after infection with S. aureus USA300,Mus musculus,CD1,male,0.50-0.66,Staphylococcus aureus,USA300,1.00E+07,peritoneum,-,infected,2,1,9
blood CD1 2hrs USA300 rep2 batch 9 batch 9 1545_4571_25318_USA_2,GSM824647,blood CD1 mouse strain blood taken 2 hours after infection with S. aureus USA300,Mus musculus,CD1,male,0.50-0.66,Staphylococcus aureus,USA300,1.00E+07,peritoneum,-,infected,2,2,9
blood CD1 24hrs Ecoli rep1 batch 9 batch 9 1545_4571_25319_Ecoli_1,GSM824648,blood CD1 mouse strain blood taken 24 hours after infection with E. coli,Mus musculus,CD1,male,0.50-0.66,Escherichia  coli,O18:K1:H7,6.00E+04,peritoneum,-,infected,24,1,9
blood CD1 24hrs Ecoli rep2 batch 9 batch 9 1545_4571_25320_Ecoli_2,GSM824649,blood CD1 mouse strain blood taken 24 hours after infection with E. coli,Mus musculus,CD1,male,0.50-0.66,Escherichia  coli,O18:K1:H7,6.00E+04,peritoneum,-,infected,24,2,9
blood CD1 0hrs rep3 batch 9 batch 9 1545_4571_25321_control_3,GSM824650,blood CD1 mouse strain NOT infected,Mus musculus,CD1,male,0.50-0.66,-,-,-,-,-,-,0,3,9
blood CD1 0hrs rep4 batch 9 batch 9 1545_4571_25322_control_4,GSM824651,blood CD1 mouse strain NOT infected,Mus musculus,CD1,male,0.50-0.66,-,-,-,-,-,-,0,4,9
blood CD1 2hrs Sanger rep3 batch 9 batch 9 1545_4571_25323_Sanger_3,GSM824652,blood CD1 mouse strain blood taken 2 hours after infection with S. aureus Sanger476,Mus musculus,CD1,male,0.50-0.66,Staphylococcus aureus,Sanger476,1.00E+07,peritoneum,-,infected,2,3,9
blood CD1 2hrs Sanger rep4 batch 9 batch 9 1545_4571_25324_Sanger_4,GSM824653,blood CD1 mouse strain blood taken 2 hours after infection with S. aureus Sanger476,Mus musculus,CD1,male,0.50-0.66,Staphylococcus aureus,Sanger476,1.00E+07,peritoneum,-,infected,2,4,9
blood CD1 2hrs USA300 rep3 batch 9 batch 9 1545_4571_25325_USA_3,GSM824654,blood CD1 mouse strain blood taken 2 hours after infection with S. aureus USA300,Mus musculus,CD1,male,0.50-0.66,Staphylococcus aureus,USA300,1.00E+07,peritoneum,-,infected,2,3,9
blood CD1 2hrs USA300 rep4 batch 9 batch 9 1545_4571_25326_USA_4,GSM824655,blood CD1 mouse strain blood taken 2 hours after infection with S. aureus USA300,Mus musculus,CD1,male,0.50-0.66,Staphylococcus aureus,USA300,1.00E+07,peritoneum,-,infected,2,4,9
blood CD1 24hrs Ecoli rep3 batch 9 batch 9 1545_4571_25327_Ecoli_3,GSM824656,blood CD1 mouse strain blood taken 24 hours after infection with E. coli,Mus musculus,CD1,male,0.50-0.66,Escherichia  coli,O18:K1:H7,6.00E+04,peritoneum,-,infected,24,3,9
blood CD1 24hrs Ecoli rep4 batch 9 batch 9 1545_4571_25328_Ecoli_4,GSM824657,blood CD1 mouse strain blood taken 24 hours after infection with E. coli,Mus musculus,CD1,male,0.50-0.66,Escherichia  coli,O18:K1:H7,6.00E+04,peritoneum,-,infected,24,4,9
blood CD1 0hrs rep5 batch 9 batch 9 1545_4571_25329_control_5,GSM824658,blood CD1 mouse strain NOT infected,Mus musculus,CD1,male,0.50-0.66,-,-,-,-,-,-,0,5,9
blood CD1 0hrs rep6 batch 9 batch 9 1545_4571_25330_control_6,GSM824659,blood CD1 mouse strain NOT infected,Mus musculus,CD1,male,0.50-0.66,-,-,-,-,-,-,0,6,9
blood CD1 2hrs Sanger rep5 batch 9 batch 9 1545_4571_25331_Sanger_5,GSM824660,blood CD1 mouse strain blood taken 2 hours after infection with S. aureus Sanger476,Mus musculus,CD1,male,0.50-0.66,Staphylococcus aureus,Sanger476,1.00E+07,peritoneum,-,infected,2,5,9
blood CD1 2hrs Sanger rep6 batch 9 batch 9 1545_4571_25332_Sanger_6,GSM824661,blood CD1 mouse strain blood taken 2 hours after infection with S. aureus Sanger476,Mus musculus,CD1,male,0.50-0.66,Staphylococcus aureus,Sanger476,1.00E+07,peritoneum,-,infected,2,6,9
blood CD1 2hrs USA300 rep5 batch 9 batch 9 1545_4571_25333_USA_5,GSM824662,blood CD1 mouse strain blood taken 2 hours after infection with S. aureus USA300,Mus musculus,CD1,male,0.50-0.66,Staphylococcus aureus,USA300,1.00E+07,peritoneum,-,infected,2,5,9
blood CD1 2hrs USA300 rep6 batch 9 batch 9 1545_4571_25334_USA_6,GSM824663,blood CD1 mouse strain blood taken 2 hours after infection with S. aureus USA300,Mus musculus,CD1,male,0.50-0.66,Staphylococcus aureus,USA300,1.00E+07,peritoneum,-,infected,2,6,9
blood CD1 24hrs Ecoli rep5 batch 9 batch 9 1545_4571_25335_Ecoli_5,GSM824664,blood CD1 mouse strain blood taken 24 hours after infection with E. coli,Mus musculus,CD1,male,0.50-0.66,Escherichia  coli,O18:K1:H7,6.00E+04,peritoneum,-,infected,24,5,9
blood CD1 24hrs Ecoli rep6 batch 9 batch 9 1545_4571_25336_Ecoli_6,GSM824665,blood CD1 mouse strain blood taken 24 hours after infection with E. coli,Mus musculus,CD1,male,0.50-0.66,Escherichia  coli,O18:K1:H7,6.00E+04,peritoneum,-,infected,24,6,9
blood CD1 0hrs rep7 batch 9 batch 9 1545_4571_25337_control_7,GSM824666,blood CD1 mouse strain NOT infected,Mus musculus,CD1,male,0.50-0.66,-,-,-,-,-,-,0,7,9
blood CD1 0hrs rep8 batch 9 batch 9 1545_4571_25338_control_8,GSM824667,blood CD1 mouse strain NOT infected,Mus musculus,CD1,male,0.50-0.66,-,-,-,-,-,-,0,8,9
blood CD1 2hrs Sanger rep7 batch 9 batch 9 1545_4571_25339_Sanger_7,GSM824668,blood CD1 mouse strain blood taken 2 hours after infection with S. aureus Sanger476,Mus musculus,CD1,male,0.50-0.66,Staphylococcus aureus,Sanger476,1.00E+07,peritoneum,-,infected,2,7,9
blood CD1 2hrs Sanger rep8 batch 9 batch 9 1545_4571_25340_Sanger_8,GSM824669,blood CD1 mouse strain blood taken 2 hours after infection with S. aureus Sanger476,Mus musculus,CD1,male,0.50-0.66,Staphylococcus aureus,Sanger476,1.00E+07,peritoneum,-,infected,2,8,9
blood CD1 2hrs USA300 rep7 batch 9 batch 9 1545_4571_25341_USA_7,GSM824670,blood CD1 mouse strain blood taken 2 hours after infection with S. aureus USA300,Mus musculus,CD1,male,0.50-0.66,Staphylococcus aureus,USA300,1.00E+07,peritoneum,-,infected,2,7,9
blood CD1 2hrs USA300 rep8 batch 9 batch 9 1545_4571_25342_USA_8,GSM824671,blood CD1 mouse strain blood taken 2 hours after infection with S. aureus USA300,Mus musculus,CD1,male,0.50-0.66,Staphylococcus aureus,USA300,1.00E+07,peritoneum,-,infected,2,8,9
blood CD1 24hrs Ecoli rep7 batch 9 batch 9 1545_4571_25343_Ecoli_7,GSM824672,blood CD1 mouse strain blood taken 24 hours after infection with E. coli,Mus musculus,CD1,male,0.50-0.66,Escherichia  coli,O18:K1:H7,6.00E+04,peritoneum,-,infected,24,7,9
blood CD1 24hrs Ecoli rep8 batch 9 batch 9 1545_4571_25344_Ecoli_8,GSM824673,blood CD1 mouse strain blood taken 24 hours after infection with E. coli,Mus musculus,CD1,male,0.50-0.66,Escherichia  coli,O18:K1:H7,6.00E+04,peritoneum,-,infected,24,8,9
blood CD1 0hrs rep9 batch 9 batch 9 1545_4571_25345_control_9,GSM824674,blood CD1 mouse strain NOT infected,Mus musculus,CD1,male,0.50-0.66,-,-,-,-,-,-,0,9,9
blood CD1 0hrs rep10 batch 9 batch 9 1545_4571_25346_control_10,GSM824675,blood CD1 mouse strain NOT infected,Mus musculus,CD1,male,0.50-0.66,-,-,-,-,-,-,0,10,9
blood CD1 2hrs Sanger rep9 batch 9 batch 9 1545_4571_25347_Sanger_9,GSM824676,blood CD1 mouse strain blood taken 2 hours after infection with S. aureus Sanger476,Mus musculus,CD1,male,0.50-0.66,Staphylococcus aureus,Sanger476,1.00E+07,peritoneum,-,infected,2,9,9
blood CD1 2hrs Sanger rep10 batch 9 batch 9 1545_4571_25348_Sanger_10,GSM824677,blood CD1 mouse strain blood taken 2 hours after infection with S. aureus Sanger476,Mus musculus,CD1,male,0.50-0.66,Staphylococcus aureus,Sanger476,1.00E+07,peritoneum,-,infected,2,10,9
blood CD1 2hrs USA300 rep9 batch 9 batch 9 1545_4571_25349_USA_9,GSM824678,blood CD1 mouse strain blood taken 2 hours after infection with S. aureus USA300,Mus musculus,CD1,male,0.50-0.66,Staphylococcus aureus,USA300,1.00E+07,peritoneum,-,infected,2,9,9
blood CD1 2hrs USA300 rep10 batch 9 batch 9 1545_4571_25350_USA_10,GSM824679,blood CD1 mouse strain blood taken 2 hours after infection with S. aureus USA300,Mus musculus,CD1,male,0.50-0.66,Staphylococcus aureus,USA300,1.00E+07,peritoneum,-,infected,2,10,9
blood CD1 24hrs Ecoli rep9 batch 9 batch 9 1545_4571_25351_Ecoli_9,GSM824680,blood CD1 mouse strain blood taken 24 hours after infection with E. coli,Mus musculus,CD1,male,0.50-0.66,Escherichia  coli,O18:K1:H7,6.00E+04,peritoneum,-,infected,24,9,9
blood CD1 24hrs Ecoli rep10 batch 9 batch 9 1545_4571_25352_Ecoli_10,GSM824681,blood CD1 mouse strain blood taken 24 hours after infection with E. coli,Mus musculus,CD1,male,0.50-0.66,Escherichia  coli,O18:K1:H7,6.00E+04,peritoneum,-,infected,24,10,9
